ticket_id,title,description,priority,category,status,created_date,assigned_team,resolution,tags
INC-1122,Guest network access needed,Guest network access needed - User reported issue via email/phone. Initial assessment completed.,P3,Network & Connectivity,Pending,2026-04-08 20:30,Cloud Infrastructure,"Reset network adapter, connected","training,software,security"
INC-1140,Cannot access internal website,Cannot access internal website - User reported issue via email/phone. Initial assessment completed.,P1,Network & Connectivity,Resolved,2026-04-08 20:30,Network Team,"Replaced ethernet cable, working now",security
INC-1144,DNS resolution error,DNS resolution error - User reported issue via email/phone. Initial assessment completed.,P2,Network & Connectivity,In Progress,2026-04-08 20:30,Database Team,Reconfigured VPN profile,"access,hardware"
INC-1197,Database connection error,Database connection error - User reported issue via email/phone. Initial assessment completed.,P2,Application Issues,Resolved,2026-04-08 20:30,Network Team,"API timeout increased, fixed",performance
INC-1225,SSL certificate expiring,SSL certificate expiring - User reported issue via email/phone. Initial assessment completed.,P1,Infrastructure,Resolved,2026-04-08 20:30,Database Team,"Cleared backup queue, completed",hardware
INC-1011,2FA not working,2FA not working - User reported issue via email/phone. Initial assessment completed.,P2,Access & Authentication,In Progress,2026-04-07 20:30,Application Support,"Configured MFA, user confirmed working","software,hardware"
INC-1016,2FA not working,2FA not working - User reported issue via email/phone. Initial assessment completed.,P1,Access & Authentication,In Progress,2026-04-07 20:30,Security Team,"Configured MFA, user confirmed working",infrastructure
INC-1239,Container restart needed,Container restart needed - User reported issue via email/phone. Initial assessment completed.,P2,Infrastructure,Escalated,2026-04-07 20:30,Database Team,"Cleared backup queue, completed","performance,access"
INC-1109,Software installation request,Software installation request - User reported issue via email/phone. Initial assessment completed.,P3,Hardware/Software,Escalated,2026-04-06 20:30,Security Team,"Reinstalled OS, issue resolved",authentication
INC-1217,Calendar invites not working,Calendar invites not working - User reported issue via email/phone. Initial assessment completed.,P3,Application Issues,Pending,2026-04-06 20:30,Desktop Support,"Cleared cache, app working now",security
INC-1047,Need access to shared drive,Need access to shared drive - User reported issue via email/phone. Initial assessment completed.,P1,Access & Authentication,Resolved,2026-04-05 20:30,Desktop Support,"Re-synced OAuth tokens, working now","infrastructure,authentication,hardware"
INC-1166,Report generation slow,Report generation slow - User reported issue via email/phone. Initial assessment completed.,P2,Application Issues,Escalated,2026-04-05 20:30,Security Team,"Cleared cache, app working now","security,software,performance"
INC-1173,Mobile app not loading,Mobile app not loading - User reported issue via email/phone. Initial assessment completed.,P2,Application Issues,In Progress,2026-04-05 20:30,Network Team,"API timeout increased, fixed","network,security,software"
INC-1046,Permissions not applied,Permissions not applied - User reported issue via email/phone. Initial assessment completed.,P3,Access & Authentication,Resolved,2026-04-04 20:30,Security Team,Added to correct security group,"access,performance,cloud"
INC-1078,Software installation request,Software installation request - User reported issue via email/phone. Initial assessment completed.,P3,Hardware/Software,Escalated,2026-04-04 20:30,Network Team,"Installed latest updates, no more crashes",authentication
INC-1178,API integration failing,API integration failing - User reported issue via email/phone. Initial assessment completed.,P2,Application Issues,In Progress,2026-04-04 20:30,Cloud Infrastructure,"API timeout increased, fixed","security,infrastructure,access"
INC-1216,Calendar invites not working,Calendar invites not working - User reported issue via email/phone. Initial assessment completed.,P3,Application Issues,Escalated,2026-04-04 20:30,Cloud Infrastructure,"Re-deployed container, no more issues","training,hardware,performance"
INC-1249,Load balancer alert,Load balancer alert - User reported issue via email/phone. Initial assessment completed.,P1,Infrastructure,Resolved,2026-04-04 20:30,Security Team,"Renewed SSL certificate, all green","performance,training"
INC-1267,Training material request,Training material request - User reported issue via email/phone. Initial assessment completed.,P3,General Inquiries,Resolved,2026-04-04 20:30,Cloud Infrastructure,Escalated to manager for approval,"cloud,security"
INC-1297,Training material request,Training material request - User reported issue via email/phone. Initial assessment completed.,P3,General Inquiries,Resolved,2026-04-04 20:30,Security Team,Escalated to manager for approval,"authentication,cloud"
INC-1004,OAuth token expired,OAuth token expired - User reported issue via email/phone. Initial assessment completed.,P2,Access & Authentication,Pending,2026-04-03 20:30,Database Team,"Reset password, user can now login",cloud
INC-1128,Slow internet connection,Slow internet connection - User reported issue via email/phone. Initial assessment completed.,P2,Network & Connectivity,Resolved,2026-04-03 20:30,Database Team,"Replaced ethernet cable, working now",training
INC-1273,How to setup email on phone,How to setup email on phone - User reported issue via email/phone. Initial assessment completed.,P3,General Inquiries,Pending,2026-04-03 20:30,Desktop Support,Scheduled training session,"cloud,infrastructure"
INC-1274,Budget approval needed,Budget approval needed - User reported issue via email/phone. Initial assessment completed.,P3,General Inquiries,Resolved,2026-04-03 20:30,Database Team,Provided documentation links,infrastructure
INC-1044,2FA not working,2FA not working - User reported issue via email/phone. Initial assessment completed.,P3,Access & Authentication,Escalated,2026-04-02 20:30,Database Team,"Verified AD account, unlocked now",cloud
INC-1088,Laptop not booting,Laptop not booting - User reported issue via email/phone. Initial assessment completed.,P3,Hardware/Software,Escalated,2026-04-02 20:30,Network Team,"Replaced keyboard/mouse, working","training,security"
INC-1055,Audio not working,Audio not working - User reported issue via email/phone. Initial assessment completed.,P2,Hardware/Software,In Progress,2026-04-01 20:30,Application Support,"Replaced keyboard/mouse, working","security,authentication,infrastructure"
INC-1093,Laptop not booting,Laptop not booting - User reported issue via email/phone. Initial assessment completed.,P3,Hardware/Software,Pending,2026-04-01 20:30,Security Team,"Updated drivers, problem fixed",security
INC-1245,Database performance issues,Database performance issues - User reported issue via email/phone. Initial assessment completed.,P1,Infrastructure,Resolved,2026-04-01 20:30,Network Team,"Cleared backup queue, completed","access,security"
INC-1296,IT policy question,IT policy question - User reported issue via email/phone. Initial assessment completed.,P3,General Inquiries,Pending,2026-04-01 20:30,Database Team,Sent policy documentation,"performance,cloud"
INC-1021,SSO authentication error,SSO authentication error - User reported issue via email/phone. Initial assessment completed.,P1,Access & Authentication,In Progress,2026-03-31 20:30,Database Team,"Reset password, user can now login","network,access,authentication"
INC-1169,Calendar invites not working,Calendar invites not working - User reported issue via email/phone. Initial assessment completed.,P3,Application Issues,Escalated,2026-03-31 20:30,Database Team,"Updated to latest version, resolved","training,authentication"
INC-1238,Cloud service unreachable,Cloud service unreachable - User reported issue via email/phone. Initial assessment completed.,P1,Infrastructure,In Progress,2026-03-31 20:30,Database Team,"Restarted services, resolved","cloud,access,infrastructure"
INC-1278,Budget approval needed,Budget approval needed - User reported issue via email/phone. Initial assessment completed.,P3,General Inquiries,Escalated,2026-03-31 20:30,Application Support,Scheduled training session,"access,performance"
INC-1043,2FA not working,2FA not working - User reported issue via email/phone. Initial assessment completed.,P1,Access & Authentication,Resolved,2026-03-30 20:30,Security Team,Added to correct security group,"training,access"
INC-1072,Blue screen error,Blue screen error - User reported issue via email/phone. Initial assessment completed.,P2,Hardware/Software,Resolved,2026-03-30 20:30,Desktop Support,"Reinstalled OS, issue resolved",performance
INC-1108,Application crashes frequently,Application crashes frequently - User reported issue via email/phone. Initial assessment completed.,P3,Hardware/Software,Pending,2026-03-30 20:30,Database Team,"Reinstalled OS, issue resolved",cloud
INC-1160,Slack notifications missing,Slack notifications missing - User reported issue via email/phone. Initial assessment completed.,P2,Application Issues,In Progress,2026-03-30 20:30,Desktop Support,"Updated to latest version, resolved","security,authentication"
INC-1193,CRM system slow,CRM system slow - User reported issue via email/phone. Initial assessment completed.,P3,Application Issues,In Progress,2026-03-30 20:30,Network Team,"Re-deployed container, no more issues",access
INC-1232,Storage space running low,Storage space running low - User reported issue via email/phone. Initial assessment completed.,P1,Infrastructure,Resolved,2026-03-30 20:30,Application Support,"Added storage volume, space available","software,access,training"
INC-1036,2FA not working,2FA not working - User reported issue via email/phone. Initial assessment completed.,P2,Access & Authentication,In Progress,2026-03-29 20:30,Desktop Support,"Verified AD account, unlocked now",authentication
INC-1201,API integration failing,API integration failing - User reported issue via email/phone. Initial assessment completed.,P2,Application Issues,In Progress,2026-03-29 20:30,Network Team,"Cleared cache, app working now","network,training,infrastructure"
INC-1285,How to setup email on phone,How to setup email on phone - User reported issue via email/phone. Initial assessment completed.,P3,General Inquiries,In Progress,2026-03-29 20:30,Desktop Support,Escalated to manager for approval,"hardware,security"
INC-1002,OAuth token expired,OAuth token expired - User reported issue via email/phone. Initial assessment completed.,P3,Access & Authentication,In Progress,2026-03-28 20:30,Cloud Infrastructure,"Reset password, user can now login","authentication,hardware"
INC-1116,DNS resolution error,DNS resolution error - User reported issue via email/phone. Initial assessment completed.,P2,Network & Connectivity,Resolved,2026-03-28 20:30,Cloud Infrastructure,"Updated DNS settings, resolved",access
INC-1147,WiFi not connecting,WiFi not connecting - User reported issue via email/phone. Initial assessment completed.,P1,Network & Connectivity,In Progress,2026-03-27 20:30,Security Team,"Updated DNS settings, resolved","cloud,training,security"
INC-1257,Storage space running low,Storage space running low - User reported issue via email/phone. Initial assessment completed.,P2,Infrastructure,In Progress,2026-03-27 20:30,Desktop Support,"Added storage volume, space available",security
INC-1283,IT policy question,IT policy question - User reported issue via email/phone. Initial assessment completed.,P3,General Inquiries,Pending,2026-03-27 20:30,Application Support,Escalated to manager for approval,network
INC-1163,Calendar invites not working,Calendar invites not working - User reported issue via email/phone. Initial assessment completed.,P2,Application Issues,Escalated,2026-03-26 20:30,Application Support,"Cleared cache, app working now","infrastructure,training,performance"
INC-1034,Permissions not applied,Permissions not applied - User reported issue via email/phone. Initial assessment completed.,P1,Access & Authentication,In Progress,2026-03-25 20:30,Security Team,"Verified AD account, unlocked now",infrastructure
INC-1236,Backup failed,Backup failed - User reported issue via email/phone. Initial assessment completed.,P1,Infrastructure,Resolved,2026-03-25 20:30,Security Team,"Restarted services, resolved",hardware
INC-1244,Database performance issues,Database performance issues - User reported issue via email/phone. Initial assessment completed.,P1,Infrastructure,In Progress,2026-03-25 20:30,Network Team,"Added storage volume, space available",access
INC-1270,Training material request,Training material request - User reported issue via email/phone. Initial assessment completed.,P3,General Inquiries,Pending,2026-03-25 20:30,Cloud Infrastructure,Provided documentation links,security
INC-1030,Permissions not applied,Permissions not applied - User reported issue via email/phone. Initial assessment completed.,P2,Access & Authentication,In Progress,2026-03-24 20:30,Database Team,"Configured MFA, user confirmed working",performance
INC-1282,Process clarification,Process clarification - User reported issue via email/phone. Initial assessment completed.,P3,General Inquiries,Escalated,2026-03-24 20:30,Security Team,Provided documentation links,"software,access"
INC-1102,Keyboard not responding,Keyboard not responding - User reported issue via email/phone. Initial assessment completed.,P2,Hardware/Software,Escalated,2026-03-23 20:30,Security Team,"Replaced hardware, working now","software,access"
INC-1289,New employee onboarding,New employee onboarding - User reported issue via email/phone. Initial assessment completed.,P3,General Inquiries,Resolved,2026-03-23 20:30,Application Support,Provided documentation links,"infrastructure,performance,software"
INC-1170,Slack notifications missing,Slack notifications missing - User reported issue via email/phone. Initial assessment completed.,P2,Application Issues,In Progress,2026-03-22 20:30,Application Support,"Cleared cache, app working now","network,cloud,training"
INC-1210,API integration failing,API integration failing - User reported issue via email/phone. Initial assessment completed.,P3,Application Issues,Escalated,2026-03-22 20:30,Database Team,"Cleared cache, app working now","training,network"
INC-1008,Account locked out,Account locked out - User reported issue via email/phone. Initial assessment completed.,P2,Access & Authentication,In Progress,2026-03-21 20:30,Network Team,"Verified AD account, unlocked now","authentication,access,performance"
INC-1132,DNS resolution error,DNS resolution error - User reported issue via email/phone. Initial assessment completed.,P1,Network & Connectivity,In Progress,2026-03-20 20:30,Cloud Infrastructure,"Reset network adapter, connected","cloud,hardware,security"
INC-1135,WiFi not connecting,WiFi not connecting - User reported issue via email/phone. Initial assessment completed.,P3,Network & Connectivity,Escalated,2026-03-20 20:30,Security Team,"Updated DNS settings, resolved",hardware
INC-1151,Slow internet connection,Slow internet connection - User reported issue via email/phone. Initial assessment completed.,P1,Network & Connectivity,In Progress,2026-03-20 20:30,Cloud Infrastructure,"Replaced ethernet cable, working now","authentication,performance"
INC-1177,API integration failing,API integration failing - User reported issue via email/phone. Initial assessment completed.,P3,Application Issues,In Progress,2026-03-20 20:30,Cloud Infrastructure,"Cleared cache, app working now",software
INC-1179,Email not syncing,Email not syncing - User reported issue via email/phone. Initial assessment completed.,P2,Application Issues,Pending,2026-03-20 20:30,Security Team,"API timeout increased, fixed","infrastructure,access"
INC-1060,Keyboard not responding,Keyboard not responding - User reported issue via email/phone. Initial assessment completed.,P3,Hardware/Software,In Progress,2026-03-19 20:30,Cloud Infrastructure,"Updated drivers, problem fixed","training,software"
INC-1081,Mouse not working,Mouse not working - User reported issue via email/phone. Initial assessment completed.,P2,Hardware/Software,Escalated,2026-03-19 20:30,Desktop Support,"Installed latest updates, no more crashes","software,security,access"
INC-1221,Disk space critical,Disk space critical - User reported issue via email/phone. Initial assessment completed.,P2,Infrastructure,Pending,2026-03-19 20:30,Security Team,"Added storage volume, space available","hardware,access,software"
INC-1006,OAuth token expired,OAuth token expired - User reported issue via email/phone. Initial assessment completed.,P3,Access & Authentication,Resolved,2026-03-18 20:30,Desktop Support,"Re-synced OAuth tokens, working now","security,authentication"
INC-1037,Account locked out,Account locked out - User reported issue via email/phone. Initial assessment completed.,P1,Access & Authentication,Resolved,2026-03-18 20:30,Security Team,Added to correct security group,"security,network"
INC-1255,Load balancer alert,Load balancer alert - User reported issue via email/phone. Initial assessment completed.,P2,Infrastructure,Pending,2026-03-18 20:30,Database Team,"Cleared backup queue, completed","performance,security"
INC-1056,Printer not working,Printer not working - User reported issue via email/phone. Initial assessment completed.,P2,Hardware/Software,In Progress,2026-03-17 20:30,Desktop Support,"Replaced keyboard/mouse, working","authentication,security"
INC-1071,Printer not working,Printer not working - User reported issue via email/phone. Initial assessment completed.,P3,Hardware/Software,Escalated,2026-03-17 20:30,Security Team,"Reinstalled OS, issue resolved","cloud,software"
INC-1097,Blue screen error,Blue screen error - User reported issue via email/phone. Initial assessment completed.,P3,Hardware/Software,In Progress,2026-03-17 20:30,Network Team,"Replaced keyboard/mouse, working",authentication
INC-1100,Mouse not working,Mouse not working - User reported issue via email/phone. Initial assessment completed.,P3,Hardware/Software,Resolved,2026-03-17 20:30,Network Team,"Updated drivers, problem fixed","access,cloud"
INC-1125,Cannot access internal website,Cannot access internal website - User reported issue via email/phone. Initial assessment completed.,P3,Network & Connectivity,Escalated,2026-03-17 20:30,Security Team,Reconfigured VPN profile,"software,security,performance"
INC-1284,Equipment request,Equipment request - User reported issue via email/phone. Initial assessment completed.,P3,General Inquiries,Resolved,2026-03-17 20:30,Cloud Infrastructure,Created onboarding ticket,"infrastructure,authentication"
INC-1001,Password reset required,Password reset required - User reported issue via email/phone. Initial assessment completed.,P2,Access & Authentication,Pending,2026-03-16 20:30,Cloud Infrastructure,"Verified AD account, unlocked now","access,software,security"
INC-1024,Permissions not applied,Permissions not applied - User reported issue via email/phone. Initial assessment completed.,P1,Access & Authentication,Resolved,2026-03-16 20:30,Security Team,"Configured MFA, user confirmed working","authentication,security,cloud"
INC-1075,Software installation request,Software installation request - User reported issue via email/phone. Initial assessment completed.,P3,Hardware/Software,Pending,2026-03-16 20:30,Cloud Infrastructure,"Installed latest updates, no more crashes",security
INC-1103,Mouse not working,Mouse not working - User reported issue via email/phone. Initial assessment completed.,P3,Hardware/Software,Escalated,2026-03-15 20:30,Application Support,"Reinstalled OS, issue resolved","cloud,infrastructure,software"
INC-1247,Server down,Server down - User reported issue via email/phone. Initial assessment completed.,P2,Infrastructure,In Progress,2026-03-15 20:30,Application Support,"Added storage volume, space available","network,authentication"
INC-1010,Cannot login to email,Cannot login to email - User reported issue via email/phone. Initial assessment completed.,P3,Access & Authentication,Escalated,2026-03-14 20:30,Desktop Support,"Configured MFA, user confirmed working",performance
INC-1067,Keyboard not responding,Keyboard not responding - User reported issue via email/phone. Initial assessment completed.,P3,Hardware/Software,Resolved,2026-03-14 20:30,Desktop Support,"Updated drivers, problem fixed",hardware
INC-1084,Laptop not booting,Laptop not booting - User reported issue via email/phone. Initial assessment completed.,P3,Hardware/Software,Pending,2026-03-14 20:30,Database Team,"Reinstalled OS, issue resolved","authentication,access,training"
INC-1174,Teams call issues,Teams call issues - User reported issue via email/phone. Initial assessment completed.,P2,Application Issues,Escalated,2026-03-14 20:30,Desktop Support,"API timeout increased, fixed",software
INC-1202,API integration failing,API integration failing - User reported issue via email/phone. Initial assessment completed.,P3,Application Issues,Escalated,2026-03-14 20:30,Database Team,"Cleared cache, app working now",cloud
INC-1272,IT policy question,IT policy question - User reported issue via email/phone. Initial assessment completed.,P3,General Inquiries,Resolved,2026-03-14 20:30,Desktop Support,Escalated to manager for approval,"performance,infrastructure"
INC-1141,Network drive mapping failed,Network drive mapping failed - User reported issue via email/phone. Initial assessment completed.,P1,Network & Connectivity,Resolved,2026-03-13 20:30,Application Support,"Reset network adapter, connected","cloud,access,training"
INC-1234,SSL certificate expiring,SSL certificate expiring - User reported issue via email/phone. Initial assessment completed.,P1,Infrastructure,Resolved,2026-03-13 20:30,Database Team,"Added storage volume, space available","cloud,hardware"
INC-1009,Permissions not applied,Permissions not applied - User reported issue via email/phone. Initial assessment completed.,P2,Access & Authentication,Escalated,2026-03-12 20:30,Network Team,"Verified AD account, unlocked now",hardware
INC-1017,Permissions not applied,Permissions not applied - User reported issue via email/phone. Initial assessment completed.,P3,Access & Authentication,Resolved,2026-03-12 20:30,Application Support,"Verified AD account, unlocked now","network,access,cloud"
INC-1214,Report generation slow,Report generation slow - User reported issue via email/phone. Initial assessment completed.,P2,Application Issues,Resolved,2026-03-12 20:30,Desktop Support,"Updated to latest version, resolved","network,security,authentication"
INC-1053,Account locked out,Account locked out - User reported issue via email/phone. Initial assessment completed.,P3,Access & Authentication,In Progress,2026-03-11 20:30,Security Team,Added to correct security group,"security,infrastructure,hardware"
INC-1090,Software license request,Software license request - User reported issue via email/phone. Initial assessment completed.,P3,Hardware/Software,Pending,2026-03-11 20:30,Cloud Infrastructure,"Replaced keyboard/mouse, working",performance
INC-1176,Slack notifications missing,Slack notifications missing - User reported issue via email/phone. Initial assessment completed.,P2,Application Issues,In Progress,2026-03-11 20:30,Application Support,"Re-deployed container, no more issues","access,security,hardware"
INC-1265,Process clarification,Process clarification - User reported issue via email/phone. Initial assessment completed.,P3,General Inquiries,Pending,2026-03-11 20:30,Application Support,Scheduled training session,"cloud,security,performance"
INC-1118,VPN tunnel dropped,VPN tunnel dropped - User reported issue via email/phone. Initial assessment completed.,P2,Network & Connectivity,Pending,2026-03-10 20:30,Desktop Support,"Added firewall exception, access granted",infrastructure
INC-1164,Email not syncing,Email not syncing - User reported issue via email/phone. Initial assessment completed.,P3,Application Issues,Escalated,2026-03-10 20:30,Application Support,"API timeout increased, fixed","hardware,infrastructure"
INC-1182,Data export not working,Data export not working - User reported issue via email/phone. Initial assessment completed.,P3,Application Issues,Resolved,2026-03-10 20:30,Security Team,"Database query optimized, faster now",training
INC-1165,Email not syncing,Email not syncing - User reported issue via email/phone. Initial assessment completed.,P2,Application Issues,Escalated,2026-03-09 20:30,Database Team,"API timeout increased, fixed","software,hardware"
INC-1187,Mobile app not loading,Mobile app not loading - User reported issue via email/phone. Initial assessment completed.,P3,Application Issues,In Progress,2026-03-09 20:30,Security Team,"Updated to latest version, resolved",infrastructure
INC-1212,Report generation slow,Report generation slow - User reported issue via email/phone. Initial assessment completed.,P2,Application Issues,In Progress,2026-03-09 20:30,Security Team,"API timeout increased, fixed","training,authentication,infrastructure"
INC-1235,Container restart needed,Container restart needed - User reported issue via email/phone. Initial assessment completed.,P2,Infrastructure,Escalated,2026-03-09 20:30,Application Support,"Server rebooted, back online",cloud
INC-1152,WiFi not connecting,WiFi not connecting - User reported issue via email/phone. Initial assessment completed.,P1,Network & Connectivity,Resolved,2026-03-08 20:30,Security Team,"Added firewall exception, access granted","training,performance,network"
INC-1227,Backup failed,Backup failed - User reported issue via email/phone. Initial assessment completed.,P1,Infrastructure,In Progress,2026-03-08 20:30,Application Support,"Added storage volume, space available",software
INC-1045,Active Directory sync issue,Active Directory sync issue - User reported issue via email/phone. Initial assessment completed.,P3,Access & Authentication,In Progress,2026-03-07 20:30,Cloud Infrastructure,Added to correct security group,"authentication,training"
INC-1133,VPN tunnel dropped,VPN tunnel dropped - User reported issue via email/phone. Initial assessment completed.,P3,Network & Connectivity,Pending,2026-03-06 20:30,Desktop Support,"Updated DNS settings, resolved",software
INC-1266,Budget approval needed,Budget approval needed - User reported issue via email/phone. Initial assessment completed.,P3,General Inquiries,In Progress,2026-03-06 20:30,Network Team,Escalated to manager for approval,cloud
INC-1065,Software installation request,Software installation request - User reported issue via email/phone. Initial assessment completed.,P3,Hardware/Software,In Progress,2026-03-05 20:30,Cloud Infrastructure,"Reinstalled OS, issue resolved","training,infrastructure"
INC-1073,Software installation request,Software installation request - User reported issue via email/phone. Initial assessment completed.,P3,Hardware/Software,Pending,2026-03-05 20:30,Application Support,"Installed latest updates, no more crashes",hardware
INC-1228,Container restart needed,Container restart needed - User reported issue via email/phone. Initial assessment completed.,P1,Infrastructure,Resolved,2026-03-05 20:30,Network Team,"Server rebooted, back online","training,hardware,performance"
INC-1015,Need access to shared drive,Need access to shared drive - User reported issue via email/phone. Initial assessment completed.,P3,Access & Authentication,Resolved,2026-03-04 20:30,Database Team,"Configured MFA, user confirmed working","network,performance"
INC-1018,Cannot login to email,Cannot login to email - User reported issue via email/phone. Initial assessment completed.,P1,Access & Authentication,Resolved,2026-03-04 20:30,Cloud Infrastructure,"Verified AD account, unlocked now","authentication,performance"
INC-1099,Blue screen error,Blue screen error - User reported issue via email/phone. Initial assessment completed.,P3,Hardware/Software,Pending,2026-03-04 20:30,Security Team,"Updated drivers, problem fixed","security,training,software"
INC-1162,Data export not working,Data export not working - User reported issue via email/phone. Initial assessment completed.,P2,Application Issues,Pending,2026-03-04 20:30,Security Team,"API timeout increased, fixed",security
INC-1219,Data export not working,Data export not working - User reported issue via email/phone. Initial assessment completed.,P2,Application Issues,Resolved,2026-03-04 20:30,Cloud Infrastructure,"API timeout increased, fixed","infrastructure,training,performance"
INC-1242,Cloud service unreachable,Cloud service unreachable - User reported issue via email/phone. Initial assessment completed.,P2,Infrastructure,Escalated,2026-03-04 20:30,Application Support,"Restarted services, resolved","authentication,cloud"
INC-1032,Account locked out,Account locked out - User reported issue via email/phone. Initial assessment completed.,P1,Access & Authentication,Resolved,2026-03-03 20:30,Desktop Support,"Re-synced OAuth tokens, working now","performance,training,infrastructure"
INC-1033,Cannot login to email,Cannot login to email - User reported issue via email/phone. Initial assessment completed.,P1,Access & Authentication,In Progress,2026-03-03 20:30,Cloud Infrastructure,Added to correct security group,"network,security"
INC-1191,CRM system slow,CRM system slow - User reported issue via email/phone. Initial assessment completed.,P3,Application Issues,In Progress,2026-03-03 20:30,Cloud Infrastructure,"Updated to latest version, resolved","authentication,network,training"
INC-1261,Training material request,Training material request - User reported issue via email/phone. Initial assessment completed.,P3,General Inquiries,In Progress,2026-03-03 20:30,Network Team,Sent policy documentation,"network,hardware"
INC-1263,Software recommendation,Software recommendation - User reported issue via email/phone. Initial assessment completed.,P3,General Inquiries,Resolved,2026-03-03 20:30,Desktop Support,Sent policy documentation,"security,authentication"
INC-1231,Load balancer alert,Load balancer alert - User reported issue via email/phone. Initial assessment completed.,P2,Infrastructure,Resolved,2026-03-02 20:30,Security Team,"Cleared backup queue, completed","network,security"
INC-1138,Network drive mapping failed,Network drive mapping failed - User reported issue via email/phone. Initial assessment completed.,P2,Network & Connectivity,Escalated,2026-03-01 20:30,Cloud Infrastructure,"Reset network adapter, connected","security,training,authentication"
INC-1077,Software installation request,Software installation request - User reported issue via email/phone. Initial assessment completed.,P3,Hardware/Software,Resolved,2026-02-28 20:30,Application Support,"Replaced keyboard/mouse, working","cloud,software,training"
INC-1139,DNS resolution error,DNS resolution error - User reported issue via email/phone. Initial assessment completed.,P3,Network & Connectivity,Escalated,2026-02-28 20:30,Application Support,"Added firewall exception, access granted",network
INC-1194,CRM system slow,CRM system slow - User reported issue via email/phone. Initial assessment completed.,P3,Application Issues,Escalated,2026-02-28 20:30,Network Team,"API timeout increased, fixed","hardware,cloud"
INC-1069,Application crashes frequently,Application crashes frequently - User reported issue via email/phone. Initial assessment completed.,P3,Hardware/Software,Resolved,2026-02-27 20:30,Desktop Support,"Reinstalled OS, issue resolved",authentication
INC-1154,Bandwidth throttling issue,Bandwidth throttling issue - User reported issue via email/phone. Initial assessment completed.,P1,Network & Connectivity,In Progress,2026-02-27 20:30,Security Team,"Replaced ethernet cable, working now","authentication,hardware"
INC-1082,Application crashes frequently,Application crashes frequently - User reported issue via email/phone. Initial assessment completed.,P2,Hardware/Software,Escalated,2026-02-26 20:30,Desktop Support,"Updated drivers, problem fixed",authentication
INC-1256,Database performance issues,Database performance issues - User reported issue via email/phone. Initial assessment completed.,P2,Infrastructure,Pending,2026-02-26 20:30,Database Team,"Added storage volume, space available","cloud,performance"
INC-1061,Application crashes frequently,Application crashes frequently - User reported issue via email/phone. Initial assessment completed.,P3,Hardware/Software,In Progress,2026-02-25 20:30,Network Team,"Replaced keyboard/mouse, working",training
INC-1083,Printer not working,Printer not working - User reported issue via email/phone. Initial assessment completed.,P3,Hardware/Software,Escalated,2026-02-25 20:30,Desktop Support,"Installed latest updates, no more crashes","training,performance"
INC-1087,Printer not working,Printer not working - User reported issue via email/phone. Initial assessment completed.,P3,Hardware/Software,Resolved,2026-02-25 20:30,Application Support,"Installed latest updates, no more crashes","security,access,network"
INC-1095,Keyboard not responding,Keyboard not responding - User reported issue via email/phone. Initial assessment completed.,P3,Hardware/Software,Escalated,2026-02-25 20:30,Database Team,"Reinstalled OS, issue resolved","hardware,network,infrastructure"
INC-1119,Ethernet port not working,Ethernet port not working - User reported issue via email/phone. Initial assessment completed.,P3,Network & Connectivity,Escalated,2026-02-25 20:30,Database Team,Reconfigured VPN profile,"network,authentication,performance"
INC-1050,Cannot login to email,Cannot login to email - User reported issue via email/phone. Initial assessment completed.,P3,Access & Authentication,In Progress,2026-02-24 20:30,Desktop Support,"Verified AD account, unlocked now",software
INC-1089,Monitor display issues,Monitor display issues - User reported issue via email/phone. Initial assessment completed.,P3,Hardware/Software,Resolved,2026-02-24 20:30,Desktop Support,"Replaced hardware, working now","cloud,network"
INC-1142,DNS resolution error,DNS resolution error - User reported issue via email/phone. Initial assessment completed.,P1,Network & Connectivity,Resolved,2026-02-24 20:30,Database Team,"Replaced ethernet cable, working now","software,infrastructure"
INC-1204,Data export not working,Data export not working - User reported issue via email/phone. Initial assessment completed.,P2,Application Issues,Pending,2026-02-24 20:30,Network Team,"Cleared cache, app working now","authentication,software"
INC-1051,2FA not working,2FA not working - User reported issue via email/phone. Initial assessment completed.,P2,Access & Authentication,Escalated,2026-02-23 20:30,Application Support,"Verified AD account, unlocked now",authentication
INC-1094,Application crashes frequently,Application crashes frequently - User reported issue via email/phone. Initial assessment completed.,P3,Hardware/Software,Resolved,2026-02-23 20:30,Security Team,"Reinstalled OS, issue resolved","authentication,infrastructure"
INC-1159,Email not syncing,Email not syncing - User reported issue via email/phone. Initial assessment completed.,P2,Application Issues,Pending,2026-02-23 20:30,Application Support,"Database query optimized, faster now",software
INC-1143,Ethernet port not working,Ethernet port not working - User reported issue via email/phone. Initial assessment completed.,P1,Network & Connectivity,In Progress,2026-02-22 20:30,Desktop Support,"Added firewall exception, access granted","performance,infrastructure,software"
INC-1213,Data export not working,Data export not working - User reported issue via email/phone. Initial assessment completed.,P3,Application Issues,Resolved,2026-02-22 20:30,Security Team,"Database query optimized, faster now",hardware
INC-1226,Container restart needed,Container restart needed - User reported issue via email/phone. Initial assessment completed.,P1,Infrastructure,Resolved,2026-02-22 20:30,Network Team,"Restarted services, resolved",hardware
INC-1181,Mobile app not loading,Mobile app not loading - User reported issue via email/phone. Initial assessment completed.,P2,Application Issues,Pending,2026-02-21 20:30,Database Team,"Re-deployed container, no more issues","training,cloud"
INC-1188,Email not syncing,Email not syncing - User reported issue via email/phone. Initial assessment completed.,P3,Application Issues,Pending,2026-02-21 20:30,Database Team,"Database query optimized, faster now",cloud
INC-1222,SSL certificate expiring,SSL certificate expiring - User reported issue via email/phone. Initial assessment completed.,P1,Infrastructure,Resolved,2026-02-21 20:30,Desktop Support,"Restarted services, resolved",security
INC-1229,Backup failed,Backup failed - User reported issue via email/phone. Initial assessment completed.,P1,Infrastructure,In Progress,2026-02-21 20:30,Cloud Infrastructure,"Restarted services, resolved","network,infrastructure"
INC-1241,Memory usage high,Memory usage high - User reported issue via email/phone. Initial assessment completed.,P2,Infrastructure,In Progress,2026-02-21 20:30,Desktop Support,"Renewed SSL certificate, all green",security
INC-1022,OAuth token expired,OAuth token expired - User reported issue via email/phone. Initial assessment completed.,P1,Access & Authentication,In Progress,2026-02-20 20:30,Network Team,"Verified AD account, unlocked now",cloud
INC-1281,Training material request,Training material request - User reported issue via email/phone. Initial assessment completed.,P3,General Inquiries,Pending,2026-02-20 20:30,Database Team,Escalated to manager for approval,"network,access,authentication"
INC-1012,Permissions not applied,Permissions not applied - User reported issue via email/phone. Initial assessment completed.,P2,Access & Authentication,Pending,2026-02-19 20:30,Security Team,"Reset password, user can now login","network,training,cloud"
INC-1112,WiFi not connecting,WiFi not connecting - User reported issue via email/phone. Initial assessment completed.,P3,Network & Connectivity,In Progress,2026-02-19 20:30,Database Team,"Reset network adapter, connected","security,network"
INC-1120,WiFi not connecting,WiFi not connecting - User reported issue via email/phone. Initial assessment completed.,P1,Network & Connectivity,Resolved,2026-02-19 20:30,Database Team,"Added firewall exception, access granted",access
INC-1251,Server down,Server down - User reported issue via email/phone. Initial assessment completed.,P1,Infrastructure,Resolved,2026-02-19 20:30,Network Team,"Restarted services, resolved","network,authentication"
INC-1254,Cloud service unreachable,Cloud service unreachable - User reported issue via email/phone. Initial assessment completed.,P2,Infrastructure,Resolved,2026-02-19 20:30,Desktop Support,"Server rebooted, back online",network
INC-1005,SSO authentication error,SSO authentication error - User reported issue via email/phone. Initial assessment completed.,P1,Access & Authentication,Resolved,2026-02-18 20:30,Network Team,"Configured MFA, user confirmed working",network
INC-1153,Cannot access internal website,Cannot access internal website - User reported issue via email/phone. Initial assessment completed.,P2,Network & Connectivity,Resolved,2026-02-18 20:30,Application Support,"Added firewall exception, access granted","infrastructure,cloud,hardware"
INC-1208,API integration failing,API integration failing - User reported issue via email/phone. Initial assessment completed.,P2,Application Issues,Resolved,2026-02-18 20:30,Desktop Support,"Re-deployed container, no more issues",network
INC-1246,Container restart needed,Container restart needed - User reported issue via email/phone. Initial assessment completed.,P2,Infrastructure,Resolved,2026-02-18 20:30,Cloud Infrastructure,"Renewed SSL certificate, all green",software
INC-1259,Container restart needed,Container restart needed - User reported issue via email/phone. Initial assessment completed.,P1,Infrastructure,Resolved,2026-02-18 20:30,Cloud Infrastructure,"Restarted services, resolved","access,training"
INC-1279,Vendor contact needed,Vendor contact needed - User reported issue via email/phone. Initial assessment completed.,P3,General Inquiries,Resolved,2026-02-18 20:30,Application Support,Sent policy documentation,"infrastructure,network"
INC-1023,Cannot login to email,Cannot login to email - User reported issue via email/phone. Initial assessment completed.,P3,Access & Authentication,Escalated,2026-02-17 20:30,Security Team,"Verified AD account, unlocked now","software,network,cloud"
INC-1035,VPN connection failing,VPN connection failing - User reported issue via email/phone. Initial assessment completed.,P1,Access & Authentication,Resolved,2026-02-17 20:30,Security Team,"Configured MFA, user confirmed working","authentication,network,performance"
INC-1070,Audio not working,Audio not working - User reported issue via email/phone. Initial assessment completed.,P2,Hardware/Software,In Progress,2026-02-17 20:30,Desktop Support,"Updated drivers, problem fixed",security
INC-1121,Bandwidth throttling issue,Bandwidth throttling issue - User reported issue via email/phone. Initial assessment completed.,P2,Network & Connectivity,Pending,2026-02-17 20:30,Database Team,Reconfigured VPN profile,"infrastructure,security"
INC-1243,Memory usage high,Memory usage high - User reported issue via email/phone. Initial assessment completed.,P1,Infrastructure,In Progress,2026-02-17 20:30,Application Support,"Restarted services, resolved","authentication,infrastructure"
INC-1271,New employee onboarding,New employee onboarding - User reported issue via email/phone. Initial assessment completed.,P3,General Inquiries,In Progress,2026-02-17 20:30,Application Support,Sent policy documentation,network
INC-1076,Audio not working,Audio not working - User reported issue via email/phone. Initial assessment completed.,P3,Hardware/Software,Pending,2026-02-16 20:30,Cloud Infrastructure,"Replaced keyboard/mouse, working",security
INC-1209,Database connection error,Database connection error - User reported issue via email/phone. Initial assessment completed.,P3,Application Issues,In Progress,2026-02-16 20:30,Desktop Support,"Re-deployed container, no more issues","security,hardware,software"
INC-1066,Blue screen error,Blue screen error - User reported issue via email/phone. Initial assessment completed.,P3,Hardware/Software,Resolved,2026-02-14 20:30,Cloud Infrastructure,"Updated drivers, problem fixed","software,cloud,hardware"
INC-1123,Ethernet port not working,Ethernet port not working - User reported issue via email/phone. Initial assessment completed.,P1,Network & Connectivity,Resolved,2026-02-14 20:30,Application Support,"Added firewall exception, access granted","hardware,access"
INC-1207,Calendar invites not working,Calendar invites not working - User reported issue via email/phone. Initial assessment completed.,P3,Application Issues,In Progress,2026-02-14 20:30,Database Team,"Updated to latest version, resolved","security,cloud"
INC-1292,Vendor contact needed,Vendor contact needed - User reported issue via email/phone. Initial assessment completed.,P3,General Inquiries,Escalated,2026-02-14 20:30,Desktop Support,Sent policy documentation,"cloud,software"
INC-1039,Need access to shared drive,Need access to shared drive - User reported issue via email/phone. Initial assessment completed.,P3,Access & Authentication,Escalated,2026-02-13 20:30,Security Team,"Configured MFA, user confirmed working",performance
INC-1049,Active Directory sync issue,Active Directory sync issue - User reported issue via email/phone. Initial assessment completed.,P3,Access & Authentication,Escalated,2026-02-13 20:30,Desktop Support,Added to correct security group,"infrastructure,security"
INC-1171,Teams call issues,Teams call issues - User reported issue via email/phone. Initial assessment completed.,P3,Application Issues,Escalated,2026-02-13 20:30,Application Support,"Updated to latest version, resolved","authentication,network"
INC-1014,Password reset required,Password reset required - User reported issue via email/phone. Initial assessment completed.,P3,Access & Authentication,Resolved,2026-02-12 20:30,Application Support,"Re-synced OAuth tokens, working now","access,training"
INC-1064,Software license request,Software license request - User reported issue via email/phone. Initial assessment completed.,P3,Hardware/Software,Escalated,2026-02-12 20:30,Database Team,"Installed latest updates, no more crashes","software,network,cloud"
INC-1175,Mobile app not loading,Mobile app not loading - User reported issue via email/phone. Initial assessment completed.,P3,Application Issues,Escalated,2026-02-12 20:30,Application Support,"Updated to latest version, resolved",performance
INC-1136,WiFi not connecting,WiFi not connecting - User reported issue via email/phone. Initial assessment completed.,P3,Network & Connectivity,Escalated,2026-02-11 20:30,Security Team,"Reset network adapter, connected",security
INC-1184,Slack notifications missing,Slack notifications missing - User reported issue via email/phone. Initial assessment completed.,P2,Application Issues,Escalated,2026-02-11 20:30,Security Team,"Updated to latest version, resolved","software,performance"
INC-1106,Mouse not working,Mouse not working - User reported issue via email/phone. Initial assessment completed.,P2,Hardware/Software,Pending,2026-02-10 20:30,Security Team,"Updated drivers, problem fixed",cloud
INC-1146,Network drive mapping failed,Network drive mapping failed - User reported issue via email/phone. Initial assessment completed.,P1,Network & Connectivity,In Progress,2026-02-10 20:30,Desktop Support,"Added firewall exception, access granted","performance,infrastructure,training"
INC-1290,Software recommendation,Software recommendation - User reported issue via email/phone. Initial assessment completed.,P3,General Inquiries,Pending,2026-02-10 20:30,Desktop Support,Sent policy documentation,"cloud,infrastructure"
INC-1052,Cannot login to email,Cannot login to email - User reported issue via email/phone. Initial assessment completed.,P2,Access & Authentication,Pending,2026-02-09 20:30,Desktop Support,"Verified AD account, unlocked now",cloud
INC-1203,Email not syncing,Email not syncing - User reported issue via email/phone. Initial assessment completed.,P3,Application Issues,In Progress,2026-02-08 20:30,Database Team,"Database query optimized, faster now","security,network,performance"
INC-1205,Slack notifications missing,Slack notifications missing - User reported issue via email/phone. Initial assessment completed.,P3,Application Issues,Escalated,2026-02-08 20:30,Network Team,"Cleared cache, app working now",authentication
INC-1041,Permissions not applied,Permissions not applied - User reported issue via email/phone. Initial assessment completed.,P2,Access & Authentication,In Progress,2026-02-07 20:30,Network Team,"Configured MFA, user confirmed working",cloud
INC-1104,Software license request,Software license request - User reported issue via email/phone. Initial assessment completed.,P3,Hardware/Software,In Progress,2026-02-07 20:30,Cloud Infrastructure,"Replaced hardware, working now","authentication,infrastructure"
INC-1200,Email not syncing,Email not syncing - User reported issue via email/phone. Initial assessment completed.,P2,Application Issues,In Progress,2026-02-07 20:30,Cloud Infrastructure,"Updated to latest version, resolved",infrastructure
INC-1240,Container restart needed,Container restart needed - User reported issue via email/phone. Initial assessment completed.,P2,Infrastructure,Escalated,2026-02-07 20:30,Cloud Infrastructure,"Server rebooted, back online","hardware,infrastructure"
INC-1196,API integration failing,API integration failing - User reported issue via email/phone. Initial assessment completed.,P2,Application Issues,In Progress,2026-02-06 20:30,Application Support,"Re-deployed container, no more issues",security
INC-1211,Report generation slow,Report generation slow - User reported issue via email/phone. Initial assessment completed.,P2,Application Issues,Escalated,2026-02-06 20:30,Desktop Support,"Cleared cache, app working now","infrastructure,hardware,cloud"
INC-1031,Need access to shared drive,Need access to shared drive - User reported issue via email/phone. Initial assessment completed.,P2,Access & Authentication,Escalated,2026-02-05 20:30,Application Support,Added to correct security group,software
INC-1250,SSL certificate expiring,SSL certificate expiring - User reported issue via email/phone. Initial assessment completed.,P1,Infrastructure,In Progress,2026-02-05 20:30,Application Support,"Server rebooted, back online","performance,infrastructure"
INC-1294,Documentation request,Documentation request - User reported issue via email/phone. Initial assessment completed.,P3,General Inquiries,Resolved,2026-02-05 20:30,Application Support,Created onboarding ticket,training
INC-1295,Equipment request,Equipment request - User reported issue via email/phone. Initial assessment completed.,P3,General Inquiries,Escalated,2026-02-05 20:30,Database Team,Created onboarding ticket,"infrastructure,network"
INC-1105,Mouse not working,Mouse not working - User reported issue via email/phone. Initial assessment completed.,P2,Hardware/Software,Resolved,2026-02-04 20:30,Cloud Infrastructure,"Updated drivers, problem fixed","performance,access"
INC-1131,Firewall blocking application,Firewall blocking application - User reported issue via email/phone. Initial assessment completed.,P1,Network & Connectivity,Resolved,2026-02-04 20:30,Network Team,Reconfigured VPN profile,security
INC-1155,Email not syncing,Email not syncing - User reported issue via email/phone. Initial assessment completed.,P3,Application Issues,Escalated,2026-02-04 20:30,Desktop Support,"Database query optimized, faster now",network
INC-1156,Teams call issues,Teams call issues - User reported issue via email/phone. Initial assessment completed.,P2,Application Issues,Escalated,2026-02-04 20:30,Database Team,"Updated to latest version, resolved",performance
INC-1286,Equipment request,Equipment request - User reported issue via email/phone. Initial assessment completed.,P3,General Inquiries,In Progress,2026-02-04 20:30,Desktop Support,Provided documentation links,"access,software,infrastructure"
INC-1124,WiFi not connecting,WiFi not connecting - User reported issue via email/phone. Initial assessment completed.,P2,Network & Connectivity,In Progress,2026-02-03 20:30,Desktop Support,"Reset network adapter, connected","security,cloud,infrastructure"
INC-1129,WiFi not connecting,WiFi not connecting - User reported issue via email/phone. Initial assessment completed.,P3,Network & Connectivity,In Progress,2026-02-03 20:30,Network Team,"Updated DNS settings, resolved","cloud,authentication"
INC-1074,Application crashes frequently,Application crashes frequently - User reported issue via email/phone. Initial assessment completed.,P3,Hardware/Software,In Progress,2026-02-02 20:30,Security Team,"Replaced keyboard/mouse, working","authentication,performance,infrastructure"
INC-1098,Audio not working,Audio not working - User reported issue via email/phone. Initial assessment completed.,P2,Hardware/Software,Escalated,2026-02-02 20:30,Security Team,"Installed latest updates, no more crashes","software,training"
INC-1101,Application crashes frequently,Application crashes frequently - User reported issue via email/phone. Initial assessment completed.,P2,Hardware/Software,Pending,2026-02-02 20:30,Desktop Support,"Replaced hardware, working now","hardware,cloud,performance"
INC-1134,Bandwidth throttling issue,Bandwidth throttling issue - User reported issue via email/phone. Initial assessment completed.,P1,Network & Connectivity,In Progress,2026-02-02 20:30,Application Support,"Updated DNS settings, resolved",cloud
INC-1148,VPN tunnel dropped,VPN tunnel dropped - User reported issue via email/phone. Initial assessment completed.,P1,Network & Connectivity,In Progress,2026-02-02 20:30,Database Team,Reconfigured VPN profile,"performance,training"
INC-1230,Container restart needed,Container restart needed - User reported issue via email/phone. Initial assessment completed.,P2,Infrastructure,Escalated,2026-02-02 20:30,Application Support,"Renewed SSL certificate, all green","software,cloud,network"
INC-1237,Memory usage high,Memory usage high - User reported issue via email/phone. Initial assessment completed.,P2,Infrastructure,Escalated,2026-02-02 20:30,Application Support,"Server rebooted, back online",software
INC-1299,Vendor contact needed,Vendor contact needed - User reported issue via email/phone. Initial assessment completed.,P3,General Inquiries,Pending,2026-02-02 20:30,Cloud Infrastructure,Scheduled training session,cloud
INC-1027,Password reset required,Password reset required - User reported issue via email/phone. Initial assessment completed.,P1,Access & Authentication,In Progress,2026-02-01 20:30,Cloud Infrastructure,"Re-synced OAuth tokens, working now",access
INC-1059,Mouse not working,Mouse not working - User reported issue via email/phone. Initial assessment completed.,P3,Hardware/Software,Escalated,2026-01-31 20:30,Desktop Support,"Installed latest updates, no more crashes","infrastructure,training"
INC-1199,Mobile app not loading,Mobile app not loading - User reported issue via email/phone. Initial assessment completed.,P3,Application Issues,Escalated,2026-01-31 20:30,Security Team,"API timeout increased, fixed","software,authentication,infrastructure"
INC-1206,API integration failing,API integration failing - User reported issue via email/phone. Initial assessment completed.,P3,Application Issues,Pending,2026-01-31 20:30,Security Team,"Re-deployed container, no more issues","network,training"
INC-1268,Documentation request,Documentation request - User reported issue via email/phone. Initial assessment completed.,P3,General Inquiries,Pending,2026-01-31 20:30,Security Team,Sent policy documentation,"training,cloud"
INC-1291,Training material request,Training material request - User reported issue via email/phone. Initial assessment completed.,P3,General Inquiries,Escalated,2026-01-31 20:30,Cloud Infrastructure,Scheduled training session,"infrastructure,network,performance"
INC-1020,OAuth token expired,OAuth token expired - User reported issue via email/phone. Initial assessment completed.,P3,Access & Authentication,Resolved,2026-01-30 20:30,Network Team,"Configured MFA, user confirmed working","access,training"
INC-1149,WiFi not connecting,WiFi not connecting - User reported issue via email/phone. Initial assessment completed.,P2,Network & Connectivity,Pending,2026-01-30 20:30,Security Team,"Updated DNS settings, resolved","training,infrastructure,performance"
INC-1161,CRM system slow,CRM system slow - User reported issue via email/phone. Initial assessment completed.,P3,Application Issues,In Progress,2026-01-30 20:30,Security Team,"Database query optimized, faster now","performance,access"
INC-1252,Storage space running low,Storage space running low - User reported issue via email/phone. Initial assessment completed.,P1,Infrastructure,Resolved,2026-01-30 20:30,Database Team,"Cleared backup queue, completed","security,training,performance"
INC-1287,Software recommendation,Software recommendation - User reported issue via email/phone. Initial assessment completed.,P3,General Inquiries,In Progress,2026-01-30 20:30,Network Team,Provided documentation links,authentication
INC-1003,VPN connection failing,VPN connection failing - User reported issue via email/phone. Initial assessment completed.,P3,Access & Authentication,Escalated,2026-01-29 20:30,Security Team,"Reset password, user can now login","software,cloud,access"
INC-1130,Network drive mapping failed,Network drive mapping failed - User reported issue via email/phone. Initial assessment completed.,P2,Network & Connectivity,Resolved,2026-01-29 20:30,Application Support,"Reset network adapter, connected","infrastructure,access"
INC-1168,Slack notifications missing,Slack notifications missing - User reported issue via email/phone. Initial assessment completed.,P3,Application Issues,Escalated,2026-01-28 20:30,Security Team,"Re-deployed container, no more issues","software,access"
INC-1190,Slack notifications missing,Slack notifications missing - User reported issue via email/phone. Initial assessment completed.,P3,Application Issues,Pending,2026-01-28 20:30,Network Team,"Database query optimized, faster now",authentication
INC-1048,Cannot login to email,Cannot login to email - User reported issue via email/phone. Initial assessment completed.,P1,Access & Authentication,Resolved,2026-01-27 20:30,Application Support,"Verified AD account, unlocked now",cloud
INC-1062,Keyboard not responding,Keyboard not responding - User reported issue via email/phone. Initial assessment completed.,P2,Hardware/Software,Pending,2026-01-27 20:30,Database Team,"Installed latest updates, no more crashes","network,cloud,access"
INC-1091,Application crashes frequently,Application crashes frequently - User reported issue via email/phone. Initial assessment completed.,P3,Hardware/Software,Escalated,2026-01-27 20:30,Database Team,"Updated drivers, problem fixed","authentication,performance,training"
INC-1007,OAuth token expired,OAuth token expired - User reported issue via email/phone. Initial assessment completed.,P1,Access & Authentication,Resolved,2026-01-26 20:30,Network Team,"Reset password, user can now login","software,cloud"
INC-1029,Account locked out,Account locked out - User reported issue via email/phone. Initial assessment completed.,P2,Access & Authentication,Resolved,2026-01-26 20:30,Cloud Infrastructure,Added to correct security group,"training,access,infrastructure"
INC-1224,Disk space critical,Disk space critical - User reported issue via email/phone. Initial assessment completed.,P1,Infrastructure,In Progress,2026-01-26 20:30,Desktop Support,"Restarted services, resolved","network,performance"
INC-1126,Ethernet port not working,Ethernet port not working - User reported issue via email/phone. Initial assessment completed.,P1,Network & Connectivity,In Progress,2026-01-25 20:30,Desktop Support,"Added firewall exception, access granted","hardware,security"
INC-1111,Network drive mapping failed,Network drive mapping failed - User reported issue via email/phone. Initial assessment completed.,P3,Network & Connectivity,In Progress,2026-01-24 20:30,Application Support,"Reset network adapter, connected","security,authentication,performance"
INC-1117,DNS resolution error,DNS resolution error - User reported issue via email/phone. Initial assessment completed.,P1,Network & Connectivity,In Progress,2026-01-24 20:30,Database Team,"Replaced ethernet cable, working now",hardware
INC-1157,Slack notifications missing,Slack notifications missing - User reported issue via email/phone. Initial assessment completed.,P2,Application Issues,Resolved,2026-01-24 20:30,Desktop Support,"Re-deployed container, no more issues","infrastructure,software,authentication"
INC-1195,Email not syncing,Email not syncing - User reported issue via email/phone. Initial assessment completed.,P3,Application Issues,Resolved,2026-01-24 20:30,Cloud Infrastructure,"Cleared cache, app working now",infrastructure
INC-1186,Data export not working,Data export not working - User reported issue via email/phone. Initial assessment completed.,P3,Application Issues,Resolved,2026-01-23 20:30,Desktop Support,"Cleared cache, app working now",authentication
INC-1218,Email not syncing,Email not syncing - User reported issue via email/phone. Initial assessment completed.,P2,Application Issues,Resolved,2026-01-23 20:30,Cloud Infrastructure,"Updated to latest version, resolved","performance,hardware,access"
INC-1276,New employee onboarding,New employee onboarding - User reported issue via email/phone. Initial assessment completed.,P3,General Inquiries,Escalated,2026-01-23 20:30,Database Team,Provided documentation links,"hardware,authentication"
INC-1068,Monitor display issues,Monitor display issues - User reported issue via email/phone. Initial assessment completed.,P3,Hardware/Software,Resolved,2026-01-22 20:30,Security Team,"Reinstalled OS, issue resolved","authentication,hardware"
INC-1215,Slack notifications missing,Slack notifications missing - User reported issue via email/phone. Initial assessment completed.,P2,Application Issues,Pending,2026-01-22 20:30,Security Team,"Updated to latest version, resolved","performance,hardware,training"
INC-1260,Training material request,Training material request - User reported issue via email/phone. Initial assessment completed.,P3,General Inquiries,Resolved,2026-01-22 20:30,Desktop Support,Escalated to manager for approval,hardware
INC-1019,Password reset required,Password reset required - User reported issue via email/phone. Initial assessment completed.,P3,Access & Authentication,Resolved,2026-01-21 20:30,Application Support,"Configured MFA, user confirmed working","security,software,network"
INC-1058,Software license request,Software license request - User reported issue via email/phone. Initial assessment completed.,P3,Hardware/Software,Escalated,2026-01-21 20:30,Network Team,"Updated drivers, problem fixed","security,network"
INC-1079,Printer not working,Printer not working - User reported issue via email/phone. Initial assessment completed.,P2,Hardware/Software,In Progress,2026-01-21 20:30,Database Team,"Updated drivers, problem fixed","training,cloud"
INC-1127,Ethernet port not working,Ethernet port not working - User reported issue via email/phone. Initial assessment completed.,P3,Network & Connectivity,Escalated,2026-01-21 20:30,Database Team,"Added firewall exception, access granted","security,authentication"
INC-1172,Report generation slow,Report generation slow - User reported issue via email/phone. Initial assessment completed.,P3,Application Issues,Pending,2026-01-21 20:30,Network Team,"Database query optimized, faster now","performance,access,network"
INC-1063,Software license request,Software license request - User reported issue via email/phone. Initial assessment completed.,P3,Hardware/Software,Resolved,2026-01-20 20:30,Application Support,"Replaced hardware, working now","training,performance"
INC-1110,Firewall blocking application,Firewall blocking application - User reported issue via email/phone. Initial assessment completed.,P3,Network & Connectivity,Pending,2026-01-20 20:30,Security Team,"Updated DNS settings, resolved",authentication
INC-1233,Server down,Server down - User reported issue via email/phone. Initial assessment completed.,P1,Infrastructure,In Progress,2026-01-20 20:30,Application Support,"Server rebooted, back online",security
INC-1248,Storage space running low,Storage space running low - User reported issue via email/phone. Initial assessment completed.,P1,Infrastructure,Resolved,2026-01-20 20:30,Desktop Support,"Cleared backup queue, completed","network,access"
INC-1298,New employee onboarding,New employee onboarding - User reported issue via email/phone. Initial assessment completed.,P3,General Inquiries,In Progress,2026-01-20 20:30,Network Team,Scheduled training session,"security,training,infrastructure"
INC-1185,Database connection error,Database connection error - User reported issue via email/phone. Initial assessment completed.,P2,Application Issues,Pending,2026-01-19 20:30,Security Team,"Re-deployed container, no more issues",performance
INC-1262,Software recommendation,Software recommendation - User reported issue via email/phone. Initial assessment completed.,P3,General Inquiries,Pending,2026-01-19 20:30,Desktop Support,Sent policy documentation,network
INC-1000,Cannot login to email,Cannot login to email - User reported issue via email/phone. Initial assessment completed.,P3,Access & Authentication,Resolved,2026-01-18 20:30,Database Team,Added to correct security group,"software,hardware"
INC-1113,Bandwidth throttling issue,Bandwidth throttling issue - User reported issue via email/phone. Initial assessment completed.,P3,Network & Connectivity,Escalated,2026-01-18 20:30,Cloud Infrastructure,Reconfigured VPN profile,security
INC-1198,Database connection error,Database connection error - User reported issue via email/phone. Initial assessment completed.,P2,Application Issues,Pending,2026-01-18 20:30,Application Support,"Cleared cache, app working now","infrastructure,access"
INC-1038,Need access to shared drive,Need access to shared drive - User reported issue via email/phone. Initial assessment completed.,P3,Access & Authentication,In Progress,2026-01-17 20:30,Application Support,Added to correct security group,"cloud,access,infrastructure"
INC-1057,Software license request,Software license request - User reported issue via email/phone. Initial assessment completed.,P3,Hardware/Software,Escalated,2026-01-17 20:30,Application Support,"Installed latest updates, no more crashes","network,training,authentication"
INC-1085,Application crashes frequently,Application crashes frequently - User reported issue via email/phone. Initial assessment completed.,P3,Hardware/Software,Resolved,2026-01-17 20:30,Network Team,"Replaced hardware, working now","training,security"
INC-1264,IT policy question,IT policy question - User reported issue via email/phone. Initial assessment completed.,P3,General Inquiries,In Progress,2026-01-17 20:30,Network Team,Scheduled training session,"infrastructure,training"
INC-1042,SSO authentication error,SSO authentication error - User reported issue via email/phone. Initial assessment completed.,P1,Access & Authentication,Resolved,2026-01-16 20:30,Application Support,"Reset password, user can now login",infrastructure
INC-1086,Blue screen error,Blue screen error - User reported issue via email/phone. Initial assessment completed.,P3,Hardware/Software,Pending,2026-01-16 20:30,Cloud Infrastructure,"Installed latest updates, no more crashes","network,training,cloud"
INC-1096,Monitor display issues,Monitor display issues - User reported issue via email/phone. Initial assessment completed.,P3,Hardware/Software,Pending,2026-01-16 20:30,Cloud Infrastructure,"Installed latest updates, no more crashes","performance,hardware"
INC-1107,Software license request,Software license request - User reported issue via email/phone. Initial assessment completed.,P3,Hardware/Software,Resolved,2026-01-16 20:30,Application Support,"Replaced hardware, working now","hardware,access"
INC-1223,Container restart needed,Container restart needed - User reported issue via email/phone. Initial assessment completed.,P2,Infrastructure,In Progress,2026-01-16 20:30,Database Team,"Server rebooted, back online","access,authentication,hardware"
INC-1258,Storage space running low,Storage space running low - User reported issue via email/phone. Initial assessment completed.,P1,Infrastructure,In Progress,2026-01-16 20:30,Network Team,"Renewed SSL certificate, all green",hardware
INC-1280,Software recommendation,Software recommendation - User reported issue via email/phone. Initial assessment completed.,P3,General Inquiries,Pending,2026-01-16 20:30,Database Team,Sent policy documentation,"software,cloud"
INC-1137,Ethernet port not working,Ethernet port not working - User reported issue via email/phone. Initial assessment completed.,P3,Network & Connectivity,Resolved,2026-01-15 20:30,Cloud Infrastructure,"Added firewall exception, access granted","security,cloud"
INC-1180,Report generation slow,Report generation slow - User reported issue via email/phone. Initial assessment completed.,P3,Application Issues,Resolved,2026-01-15 20:30,Application Support,"Cleared cache, app working now",hardware
INC-1269,Software recommendation,Software recommendation - User reported issue via email/phone. Initial assessment completed.,P3,General Inquiries,Pending,2026-01-15 20:30,Database Team,Created onboarding ticket,"security,performance,network"
INC-1013,VPN connection failing,VPN connection failing - User reported issue via email/phone. Initial assessment completed.,P3,Access & Authentication,Escalated,2026-01-14 20:30,Database Team,"Configured MFA, user confirmed working",access
INC-1040,Active Directory sync issue,Active Directory sync issue - User reported issue via email/phone. Initial assessment completed.,P1,Access & Authentication,Resolved,2026-01-14 20:30,Desktop Support,"Verified AD account, unlocked now","network,security,performance"
INC-1054,2FA not working,2FA not working - User reported issue via email/phone. Initial assessment completed.,P2,Access & Authentication,Resolved,2026-01-14 20:30,Security Team,"Configured MFA, user confirmed working",hardware
INC-1092,Blue screen error,Blue screen error - User reported issue via email/phone. Initial assessment completed.,P2,Hardware/Software,Pending,2026-01-14 20:30,Desktop Support,"Reinstalled OS, issue resolved","cloud,authentication,software"
INC-1115,DNS resolution error,DNS resolution error - User reported issue via email/phone. Initial assessment completed.,P2,Network & Connectivity,Escalated,2026-01-14 20:30,Desktop Support,"Replaced ethernet cable, working now","software,performance"
INC-1145,WiFi not connecting,WiFi not connecting - User reported issue via email/phone. Initial assessment completed.,P1,Network & Connectivity,Resolved,2026-01-14 20:30,Cloud Infrastructure,"Updated DNS settings, resolved",performance
INC-1150,VPN tunnel dropped,VPN tunnel dropped - User reported issue via email/phone. Initial assessment completed.,P3,Network & Connectivity,In Progress,2026-01-14 20:30,Desktop Support,"Updated DNS settings, resolved","security,hardware"
INC-1253,Backup failed,Backup failed - User reported issue via email/phone. Initial assessment completed.,P1,Infrastructure,Resolved,2026-01-14 20:30,Application Support,"Server rebooted, back online",security
INC-1277,Training material request,Training material request - User reported issue via email/phone. Initial assessment completed.,P3,General Inquiries,Pending,2026-01-14 20:30,Cloud Infrastructure,Provided documentation links,"authentication,training,hardware"
INC-1293,Vendor contact needed,Vendor contact needed - User reported issue via email/phone. Initial assessment completed.,P3,General Inquiries,Escalated,2026-01-14 20:30,Desktop Support,Created onboarding ticket,security
INC-1026,Active Directory sync issue,Active Directory sync issue - User reported issue via email/phone. Initial assessment completed.,P3,Access & Authentication,Escalated,2026-01-13 20:30,Database Team,Added to correct security group,"software,cloud,authentication"
INC-1080,Monitor display issues,Monitor display issues - User reported issue via email/phone. Initial assessment completed.,P2,Hardware/Software,In Progress,2026-01-13 20:30,Application Support,"Updated drivers, problem fixed",hardware
INC-1114,Cannot access internal website,Cannot access internal website - User reported issue via email/phone. Initial assessment completed.,P2,Network & Connectivity,In Progress,2026-01-13 20:30,Security Team,"Added firewall exception, access granted","training,access"
INC-1220,Memory usage high,Memory usage high - User reported issue via email/phone. Initial assessment completed.,P1,Infrastructure,In Progress,2026-01-13 20:30,Desktop Support,"Renewed SSL certificate, all green",software
INC-1275,Process clarification,Process clarification - User reported issue via email/phone. Initial assessment completed.,P3,General Inquiries,Escalated,2026-01-13 20:30,Database Team,Created onboarding ticket,"software,performance,security"
INC-1025,VPN connection failing,VPN connection failing - User reported issue via email/phone. Initial assessment completed.,P2,Access & Authentication,Pending,2026-01-12 20:30,Desktop Support,"Verified AD account, unlocked now","performance,training,network"
INC-1183,Database connection error,Database connection error - User reported issue via email/phone. Initial assessment completed.,P3,Application Issues,Resolved,2026-01-12 20:30,Security Team,"API timeout increased, fixed",security
INC-1192,Slack notifications missing,Slack notifications missing - User reported issue via email/phone. Initial assessment completed.,P2,Application Issues,Escalated,2026-01-12 20:30,Desktop Support,"Cleared cache, app working now","network,performance"
INC-1028,2FA not working,2FA not working - User reported issue via email/phone. Initial assessment completed.,P3,Access & Authentication,In Progress,2026-01-11 20:30,Security Team,"Verified AD account, unlocked now",hardware
INC-1167,Database connection error,Database connection error - User reported issue via email/phone. Initial assessment completed.,P3,Application Issues,Escalated,2026-01-11 20:30,Security Team,"API timeout increased, fixed",performance
INC-1189,API integration failing,API integration failing - User reported issue via email/phone. Initial assessment completed.,P2,Application Issues,Pending,2026-01-11 20:30,Application Support,"Cleared cache, app working now","authentication,infrastructure,hardware"
INC-1158,Teams call issues,Teams call issues - User reported issue via email/phone. Initial assessment completed.,P2,Application Issues,In Progress,2026-01-10 20:30,Desktop Support,"Database query optimized, faster now","training,cloud"
INC-1288,Process clarification,Process clarification - User reported issue via email/phone. Initial assessment completed.,P3,General Inquiries,Pending,2026-01-10 20:30,Cloud Infrastructure,Sent policy documentation,"access,security"
